<?xml version="1.0" encoding="UTF-8"?><rss version="2.0"
	xmlns:content="http://purl.org/rss/1.0/modules/content/"
	xmlns:wfw="http://wellformedweb.org/CommentAPI/"
	xmlns:dc="http://purl.org/dc/elements/1.1/"
	xmlns:atom="http://www.w3.org/2005/Atom"
	xmlns:sy="http://purl.org/rss/1.0/modules/syndication/"
	xmlns:slash="http://purl.org/rss/1.0/modules/slash/"
	>

<channel>
	<title>Juice &#8211; Linaban Final Project</title>
	<atom:link href="/product-category/juice/feed/" rel="self" type="application/rss+xml" />
	<link>/</link>
	<description></description>
	<lastBuildDate>Thu, 16 May 2024 06:34:12 +0000</lastBuildDate>
	<language>en-US</language>
	<sy:updatePeriod>
	hourly	</sy:updatePeriod>
	<sy:updateFrequency>
	1	</sy:updateFrequency>
	<generator>https://wordpress.org/?v=6.5.3</generator>
	<item>
		<title>Natural Extracted Edible Oil</title>
		<link>/product/natural-extracted-olive-oil/</link>
					<comments>/product/natural-extracted-olive-oil/#respond</comments>
		
		<dc:creator><![CDATA[admin]]></dc:creator>
		<pubDate>Thu, 16 May 2024 06:34:12 +0000</pubDate>
				<guid isPermaLink="false">/product/natural-extracted-olive-oil/</guid>

					<description><![CDATA[Neque porro quisquam est, qui dolore ipsum quia dolor sit amet, consectetur adipisci velit, sed quia non incidunt lores ta porro ame. numquam eius modi tempora incidunt lores ta porro ame.]]></description>
										<content:encoded><![CDATA[<p>Neque porro quisquam est, qui dolore ipsum quia dolor sit amet, consectetur adipisci velit, sed quia non incidunt lores ta porro ame. numquam eius modi tempora incidunt lores ta porro ame.</p>
]]></content:encoded>
					
					<wfw:commentRss>/product/natural-extracted-olive-oil/feed/</wfw:commentRss>
			<slash:comments>0</slash:comments>
		
		
			</item>
		<item>
		<title>Fresh Organic Honey</title>
		<link>/product/fresh-organic-honey/</link>
					<comments>/product/fresh-organic-honey/#respond</comments>
		
		<dc:creator><![CDATA[admin]]></dc:creator>
		<pubDate>Thu, 16 May 2024 06:34:12 +0000</pubDate>
				<guid isPermaLink="false">/product/fresh-organic-honey/</guid>

					<description><![CDATA[Neque porro quisquam est, qui dolore ipsum quia dolor sit amet, consectetur adipisci velit, sed quia non incidunt lores ta porro ame. numquam eius modi tempora incidunt lores ta porro ame.]]></description>
										<content:encoded><![CDATA[<p>Neque porro quisquam est, qui dolore ipsum quia dolor sit amet, consectetur adipisci velit, sed quia non incidunt lores ta porro ame. numquam eius modi tempora incidunt lores ta porro ame.</p>
]]></content:encoded>
					
					<wfw:commentRss>/product/fresh-organic-honey/feed/</wfw:commentRss>
			<slash:comments>0</slash:comments>
		
		
			</item>
		<item>
		<title>Farm Fresh Eggs</title>
		<link>/product/farm-fresh-eggs/</link>
					<comments>/product/farm-fresh-eggs/#respond</comments>
		
		<dc:creator><![CDATA[admin]]></dc:creator>
		<pubDate>Thu, 16 May 2024 06:34:12 +0000</pubDate>
				<guid isPermaLink="false">/product/farm-fresh-eggs/</guid>

					<description><![CDATA[Neque porro quisquam est, qui dolore ipsum quia dolor sit amet, consectetur adipisci velit, sed quia non incidunt lores ta porro ame. numquam eius modi tempora incidunt lores ta porro ame.]]></description>
										<content:encoded><![CDATA[<p>Neque porro quisquam est, qui dolore ipsum quia dolor sit amet, consectetur adipisci velit, sed quia non incidunt lores ta porro ame. numquam eius modi tempora incidunt lores ta porro ame.</p>
]]></content:encoded>
					
					<wfw:commentRss>/product/farm-fresh-eggs/feed/</wfw:commentRss>
			<slash:comments>0</slash:comments>
		
		
			</item>
		<item>
		<title>Fresh Orange Juice</title>
		<link>/product/fresh-orange-juice/</link>
					<comments>/product/fresh-orange-juice/#respond</comments>
		
		<dc:creator><![CDATA[admin]]></dc:creator>
		<pubDate>Thu, 16 May 2024 06:34:12 +0000</pubDate>
				<guid isPermaLink="false">/product/fresh-orange-juice/</guid>

					<description><![CDATA[Neque porro quisquam est, qui dolore ipsum quia dolor sit amet, consectetur adipisci velit, sed quia non incidunt lores ta porro ame. numquam eius modi tempora incidunt lores ta porro ame.]]></description>
										<content:encoded><![CDATA[<p>Neque porro quisquam est, qui dolore ipsum quia dolor sit amet, consectetur adipisci velit, sed quia non incidunt lores ta porro ame. numquam eius modi tempora incidunt lores ta porro ame.</p>
]]></content:encoded>
					
					<wfw:commentRss>/product/fresh-orange-juice/feed/</wfw:commentRss>
			<slash:comments>0</slash:comments>
		
		
			</item>
		<item>
		<title>Pulses From Organic Farm</title>
		<link>/product/pulses-from-organic-farm/</link>
					<comments>/product/pulses-from-organic-farm/#respond</comments>
		
		<dc:creator><![CDATA[admin]]></dc:creator>
		<pubDate>Thu, 16 May 2024 06:34:12 +0000</pubDate>
				<guid isPermaLink="false">/product/pulses-from-organic-farm/</guid>

					<description><![CDATA[Neque porro quisquam est, qui dolore ipsum quia dolor sit amet, consectetur adipisci velit, sed quia non incidunt lores ta porro ame. numquam eius modi tempora incidunt lores ta porro ame.]]></description>
										<content:encoded><![CDATA[<p>Neque porro quisquam est, qui dolore ipsum quia dolor sit amet, consectetur adipisci velit, sed quia non incidunt lores ta porro ame. numquam eius modi tempora incidunt lores ta porro ame.</p>
]]></content:encoded>
					
					<wfw:commentRss>/product/pulses-from-organic-farm/feed/</wfw:commentRss>
			<slash:comments>0</slash:comments>
		
		
			</item>
		<item>
		<title>Diabetic Cookies</title>
		<link>/product/diabetic-cookies/</link>
					<comments>/product/diabetic-cookies/#respond</comments>
		
		<dc:creator><![CDATA[admin]]></dc:creator>
		<pubDate>Thu, 16 May 2024 06:34:12 +0000</pubDate>
				<guid isPermaLink="false">/product/diabetic-cookies/</guid>

					<description><![CDATA[Neque porro quisquam est, qui dolore ipsum quia dolor sit amet, consectetur adipisci velit, sed quia non incidunt lores ta porro ame. numquam eius modi tempora incidunt lores ta porro ame.]]></description>
										<content:encoded><![CDATA[<p>Neque porro quisquam est, qui dolore ipsum quia dolor sit amet, consectetur adipisci velit, sed quia non incidunt lores ta porro ame. numquam eius modi tempora incidunt lores ta porro ame.</p>
]]></content:encoded>
					
					<wfw:commentRss>/product/diabetic-cookies/feed/</wfw:commentRss>
			<slash:comments>0</slash:comments>
		
		
			</item>
		<item>
		<title>Wheat From Organic Farms</title>
		<link>/product/wheat-from-organic-farms/</link>
					<comments>/product/wheat-from-organic-farms/#respond</comments>
		
		<dc:creator><![CDATA[admin]]></dc:creator>
		<pubDate>Thu, 16 May 2024 06:34:12 +0000</pubDate>
				<guid isPermaLink="false">/product/wheat-from-organic-farms/</guid>

					<description><![CDATA[Neque porro quisquam est, qui dolore ipsum quia dolor sit amet, consectetur adipisci velit, sed quia non incidunt lores ta porro ame. numquam eius modi tempora incidunt lores ta porro ame.]]></description>
										<content:encoded><![CDATA[<p>Neque porro quisquam est, qui dolore ipsum quia dolor sit amet, consectetur adipisci velit, sed quia non incidunt lores ta porro ame. numquam eius modi tempora incidunt lores ta porro ame.</p>
]]></content:encoded>
					
					<wfw:commentRss>/product/wheat-from-organic-farms/feed/</wfw:commentRss>
			<slash:comments>0</slash:comments>
		
		
			</item>
		<item>
		<title>Assorted Coffee</title>
		<link>/product/assorted-coffee/</link>
					<comments>/product/assorted-coffee/#respond</comments>
		
		<dc:creator><![CDATA[admin]]></dc:creator>
		<pubDate>Thu, 16 May 2024 06:34:12 +0000</pubDate>
				<guid isPermaLink="false">/product/assorted-coffee/</guid>

					<description><![CDATA[Neque porro quisquam est, qui dolore ipsum quia dolor sit amet, consectetur adipisci velit, sed quia non incidunt lores ta porro ame. numquam eius modi tempora incidunt lores ta porro ame.]]></description>
										<content:encoded><![CDATA[<p>Neque porro quisquam est, qui dolore ipsum quia dolor sit amet, consectetur adipisci velit, sed quia non incidunt lores ta porro ame. numquam eius modi tempora incidunt lores ta porro ame.</p>
]]></content:encoded>
					
					<wfw:commentRss>/product/assorted-coffee/feed/</wfw:commentRss>
			<slash:comments>0</slash:comments>
		
		
			</item>
		<item>
		<title>Cashew Butter</title>
		<link>/product/cashew-butter/</link>
					<comments>/product/cashew-butter/#respond</comments>
		
		<dc:creator><![CDATA[admin]]></dc:creator>
		<pubDate>Thu, 16 May 2024 06:34:11 +0000</pubDate>
				<guid isPermaLink="false">/product/cashew-butter/</guid>

					<description><![CDATA[Neque porro quisquam est, qui dolore ipsum quia dolor sit amet, consectetur adipisci velit, sed quia non incidunt lores ta porro ame. numquam eius modi tempora incidunt lores ta porro ame.]]></description>
										<content:encoded><![CDATA[<p>Neque porro quisquam est, qui dolore ipsum quia dolor sit amet, consectetur adipisci velit, sed quia non incidunt lores ta porro ame. numquam eius modi tempora incidunt lores ta porro ame.</p>
]]></content:encoded>
					
					<wfw:commentRss>/product/cashew-butter/feed/</wfw:commentRss>
			<slash:comments>0</slash:comments>
		
		
			</item>
	</channel>
</rss>
